,closest_genus,closest_epithet,closest_infra_type,closest_infra_name,authors
11,Acantholepis,,,,Less.'
13,Acantholepis,orientalis,,,Less.
15,Acantholimon,,,,Boiss.
17,Acantholimon,acerosum,,,(Willd.) Boiss.
27,Acantholimon,antilibanoticum,,,Mout.
33,Acantholimon,damassanum,,,Mobayen
41,Acantholimon,libanoticum,,,Boiss.
47,Acantholimon,ulicinum,,,(Schultes) Boiss.
50,Acanthus,,,,L.
52,Acanthus,dioscoridis,,,L.
54,Acanthus,mollis,,,L.
58,Acanthus,syriacus,,,Boiss.
60,Achillea,,,,L.
62,Achillea,aleppica,,,DC.
65,Achillea,aleppica,subsp.,aleppica,
68,Achillea,biebersteinii,,,Afan.
70,Achillea,conferta,,,DC.
78,Achillea,falcata,,,L.
80,Achillea,fragrantissima,,,(Forssk.) Schultz Bip.
88,Achillea,kotschyi,,,Boiss.
92,Achillea,membranacea,,,(Labili.). DC.
115,Achillea,oligocephala,,,DC. A AO OQQ oyy
134,Achillea,wilhelmsii,,,C. Koch
145,Aetheorhiza,,,,Cass.
147,Aetheorhiza,bulbosa,,,(L.) Cass.
150,Ajuga,,,,L.
155,Ajuga,chasmophila,,,Davis
157,Ajuga,chia,,,Schreb.
172,Ajuga,laevigata,,,Boiss.
174,Ajuga,orientalis,,,L.
178,Ajuga,rechingeri,,,Bilik
180,Ajuga,tridactylites,,,Gingins ex Benth.
186,Alkanna,,,,Tausch
190,Alkanna,confusa,,,Sam. ex Rech. fil.
195,Alkanna,galilaea,,,Boiss.
197,Alkanna,hirsutissima,,,(Bertol.) A. DC.
201,Alkanna,kotschyana,,,DC.
203,Alkanna,leiocarpa,,,Rech. fil.
206,Alkanna,maleolens,,,Bornm.
214,Alkanna,orientalis,,,(L.) Boiss.
218,Alkanna,orientalis,subsp.,integrifolia,(Post) Mout.
224,Alkanna,prasinophylla,,,Rech. fil.
227,Alkanna,strigosa,,,Boiss. et Hohen.
233,Alkanna,tinctoria,,,Tausch
240,Ambrosia,,,,L.
242,Ambrosia,maritima,,,L.
244,Anacyclus,,,,L.
246,Anacyclus,clavatus,,,(Desf.) Pers. NOUVELLE
250,Anacyclus,nigellifolius,,,Boiss.
252,Anacyclus,radiatus,,,Loisel.
254,Anagallis,,,,L.
256,Anagallis,arvensis,,,L.
270,Anarrhinum,,,,Desf.
272,Anarrhinum,orientale,,,Benth.
274,Anchusa,,,,L.
276,Anchusa,aegyptiaca,,,(L.) DC.
281,Anchusa,azurea,,,Mill.
286,Anchusa,barrelieri,,,(AH.) Vitm.
294,Anchusa,hybrida,,,Ten.
298,Anchusa,milleri,,,Willd.
309,Anchusa,strigosa,,,Labili.
312,Anchusa,strigosa,var.,mesopotamica,Post
314,Anchusa,tiberiadis,,,Post
318,Androsace,,,,L.
320,Androsace,maxima,,,L.
322,Androsace,multiscapa,,,Duby
324,Androsace,villosa,,,L.
326,Andryala,,,,L.
332,Andryala,integrifolia,,,L.
334,Anoplanthus,,,,Endl.
336,Anoplanthus,coccineus,,,(M. Bieb.) Walp.
340,Anthémis,,,,L.
342,Anthémis,aaronsohnii,,,Eig
346,Anthémis,altissima,,,L.
352,Anthémis,austriaca,,,Jacq.
363,Anthémis,breviradiata,,,Eig
367,Anthémis,chia,,,L.
376,Anthémis,cornucopiae,,,Boiss. U6 H6 • T )OA Î C.AA * * CLA A
389,Anthémis,corymbulosa,,,Boiss.
393,Anthémis,cotula,,,L.
395,Anthémis,eretica,,,L.
398,Anthémis,eretica,subsp.,cassia,(Boiss.) Grierson
402,Anthémis,eretica,var.,discoidea,Post
408,Anthémis,didymaea,,,Mouterde
415,Anthémis,halophila,,,Boiss. et Bal.
419,Anthémis,haussknechtii,,,Boiss. et Reut.
423,Anthémis,hebronica,,,Boiss. et Ky.
429,Anthémis,hyalina,,,DC.
431,Anthémis,leucanthemifolia,,,Boiss. et Bl.
439,Anthémis,lyonnetioides,,,Boiss.
441,Anthémis,melanolepis,,,Boiss.
452,Anthémis,palestina,,,Reut. in Boiss.
463,Anthémis,pauciloba,,,Boiss.
467,Anthémis,pseudocotula,,,Boiss.
469,Anthémis,rascheyana,,,Boiss.
473,Anthémis,samuelssonii,,,Rech. fii.
476,Anthémis,scariosa,,,Banks et Sol.
480,Anthémis,secundiramea,,,Biv.
483,Anthémis,secundiramea,var.,urvilleana,DC.
487,Anthémis,tinctoria,,,L.
490,Anthémis,tinctoria,var.,discoidea,(AH.) Vahl
497,Anthémis,tripolitana,,,Boiss. et Bl.
503,Anthémis,wettsteiniana,,,Hand.-Mazz.
505,Antirrhinum,,,,L.
527,Antirrhinum,majus,,,L.
530,Antirrhinum,majus,var.,angustifolium,Chav.
536,Antirrhinum,orontium,,,L. NOUVELLE
545,Antirrhinum,tortuosum,,,Bosc ex Chav.
562,Arbutus,,,,L.
564,Arbutus,andrachne,,,L.
566,Arbutus,unedo,,,L.
568,Arctium,,,,L. 
570,Arctium,minus,,,(Hill.) Bernh. 
574,Arctium,minus,subsp.,minus ,
576,Arctium,minus,subsp.,pubens,(Babington) Arènes 
579,Armeria,,subsp.,pubens,Willd. 
586,Armeria,undulata,,,(Bory et Chaub.) Boiss.  
592,Arnebia,,,,Forssk. 
599,Arnebia,decumbens,,,(Vent.) Coss. et Kralik 
604,Arnebia,linearifolia,,,DC.  
607,Arnebia,tubata,,,(Bertol.) Sam. 
610,Artemisia,,,,L. 
612,Artemisia,annua,,,L.  
615,Artemisia,arborescens,,,L. 
619,Artemisia,herba-alba,,,Asso 
621,Artemisia,monosperma,,,Del. 
623,Artemisia,scoparia,,,Waldst. et Kit. 
627,Artemisia,verlotorum,,,Lamotte 
642,Asperugo,,,,L. 
644,Asperugo,procumbens,,,L. 
646,Asperula,,,,L. 
650,Asperula,arvensis,,,L. 
665,Asperula,bargyli,,,Gombault 
667,Asperula,breviflora,,,Boiss. 
675,Asperula,glareosa,,,Ehrendorfer
677,Asperula,glomerata,,,(Bieb.) Griseb.
681,Asperula,glomerata,var.,capitata,(Labili.) Boiss.
687,Asperula,libanotica,,,Boiss.
689,Asperula,orientalis,,,Boiss. et Hoh.
695,Asperula,rivalis,,,Sibth. et Sm.
699,Asperula,setosa,,,Jaub. et Spach.
703,Asperula,stricta,,,Boiss.
712,Asteriscus,,,,Miller
714,Asteriscus,aquaticus,,,(L.) Less.
720,Asteriscus,graveolens,,,(Forssk.) Less.
725,Asteriscus,pygmaeus,,,(DC.) Coss. et Dur.
730,Asterolinon,,,,Hoffmans. et Link
734,Asterolinon,linum-stellatum,,,(L.) Duby
737,Asyneuma,,,,Griseb. et Schrenk
746,Asyneuma,rigidum,,,(Willd.) Grossh.
750,Asyneuma,rigidum,subsp.,sinaï,(A. DC.) Damboldt
754,Asyneuma,virgatum,,,(Labili.) Bornm.
757,Atractylis,,,,L.
759,Atractylis,cancellata,,,L.
761,Atractylis,carduus,,,(Forssk.) Christ
764,Atractylis,comosa,,,Sieb. ex Cass.
772,Atropa,,,,L.
774,Atropa,belladonna,,,L.
791,BallotaL. ,,,,
792,BallotaL. ,antilibanotica,,,Post 
798,BallotaL. ,damascena,,,Boiss. 
802,BallotaL. ,nigra,,,L. 
805,BallotaL. ,nigra,subsp.,uncinata,(Beg.) Patzak 
813,BallotaL. ,saxatilis,,,Sieb. ex J. et C. Presl  
821,BallotaL. ,semaanica,,,Rech.  fil. 
824,BallotaL. ,undulata,,,(Fresen.) Benth.   NOUVELLE
849,Bellardia,,,,Ail.
851,Bellardia,trixago,,,(L.) AH.
854,Bellis,,,,L.
856,Bellis,annua,,,L.
858,Bellis,perennis,,,L.
860,Bellis,sylvestris,,,Cyrillo
862,Bidens,,,,L.
864,Bidens,frondosa,,,L.
866,Bidens,pilosa,,,L.
869,Bidens,pilosa,var.,radiata,Schultz Bip.
872,Bidens,tripartita,,,L.
874,Blackstonia,,,,Huds.
876,Blackstonia,acuminata,,,(Koch et Ziz) Domin
881,Blackstonia,perfoliata,,,(L.) Huds.
887,Bombycilaena,,,,(DC.) Smolj.
890,Bombycilaena,discolor,,,(Pers.) Lainz
893,Bombycilaena,erecta,,,(L.) Smolj.
896,Borago,,,,L.
902,Borago,officinalis,,,L.
904,Brunnera,,,,Stev.
906,Brunnera,orientalis,,,(Schenk) Johnst.
909,Bryonia,,,,L.
911,Bryonia,lasiocarpa,,,Mout.
913,Bryonia,multiflora,,,Boiss. et Heldr.
917,Bryonia,syriaca,,,Boiss.
938,Bungea,,,,CA. Meyer
941,Bungea,trifida,,,(Vahl) CA. Meyer
954,Caccinia,,,,Savi
956,Caccinia,macranthera,,,(Banks et Sol.) Brand
963,Calamintha,,,,Moench
965,Calamintha,betulifolia,,,Boiss. et Bal.
974,Calamintha,incana,,,(Sibth. et Smith) Boiss.
981,Calamintha,nepeta,,,(L.) Savi
986,Calamintha,origanifolia,,,(Labili.) Boiss.
991,Calamintha,rotundifolia,,,(Pers.) Benth.
996,Calamintha,vulgaris,,,(L.) Halàcsy
999,Calendula,,,,L.
1001,Calendula,aegyptiaca,,,Pers.
1003,Calendula,arvensis,,,L.
1005,Calendula,bicolor,,,Rafin.
1017,Calendula,officinalis,,,L. 
1019,Calendula,palaestina,,,Boiss. 
1024,Calendula,sinuata,,,Boiss. et Gaill. 
1028,Calendula,tripterocarpa,,,Rupr. 
1030,Calhpeltis,,,,Stev.
1034,Calhpeltis,cucullaris,,,(L.) Rothm.
1038,Calhpeltis,cucullaris,fa,aperta,Boiss.
1040,Calhpeltis,factorovskyi,,,(Eig) Ehrendorfer
1050,Calystegia,,,,R. Br.
1053,Calystegia,sepium,,,(L.) R. Br.
1057,Calystegia,silvatica,,,(Kit.) Griseb.
1065,Campanula,,,,L.
1071,Campanula,camptoclada,,,Boiss.
1073,Campanula,cecilii,,,Rech. fil. et Schiman-Czeika
1078,Campanula,cymbalaria,,,Sm. in Sibth. et Sm.
1084,Campanula,damascena,,,Labili.
1086,Campanula,erinus,,,L.
1088,Campanula,euclasta,,,Boiss.
1090,Campanula,fastigiata,,,Léon Dufour in A. DC.
1096,Campanula,flaccidula,,,Vatke
1098,Campanula,hierosolymitana,,,Boiss.
1102,Campanula,kotschyana,,,"A., DC."
1105,Campanula,libanotica,,,A. DC.
1110,Campanula,peregrina,,,L.
1112,Campanula,pestalozzae,,,Boiss.
1114,Campanula,phrygia,,,Jaub. et Spach
1118,Campanula,propinqua,,,Fisch et Mey.
1126,Campanula,rapunculus,,,L. 
1134,Campanula,retrorsa,,,Labili. 
1136,Campanula,reuteriana,,,Boiss. et Bal. 
1152,Campanula,sidoniensis,,,Boiss. et Bl.  
1163,Campanula,stellaris,,,Boiss. 
1165,Campanula,stricta,,,L. 
1168,Campanula,stricta,var.,libanotica,(A. DC.) Boiss. 
1172,Campanula,strigosa,,,Banks et Sol.  
1177,Campanula,sulphurea,,,Boiss. 
1179,Campanula,trachelium,,,L. 
1182,Campanula,trachelium,subsp.,athoa,(Boiss. et Heldr.) Hayek 
1190,Campanula,trichopoda,,,Boiss. 
1202,Cardopatium,,,,Juss. 
1204,Cardopatium,corymbosum,,,(L.) Pers. 
1207,Carduncellus,,,,Adans. 
1209,Carduncellus,caeruleus,,,(L.) C. Presl  
1214,Carduus,,,,L. 
1218,Carduus,acicularis,,,Bertol. 
1224,Carduus,argentatus,,,L. 
1231,Carduus,getulus,,,Pomel  
1242,Carduus,nutans,,,L. s.l.  
1249,Carduus,pycnocephalus,,,L. 
1252,Carduus,pycnocephalus,var.,arabicus,(Jacq. ex Murray) Boiss. 
1272,Carlina,,,,L. 
1280,Carlina,curetum,,,Heldr. ex Hal.
1285,Carlina,curetum,subsp.,orientalis,Meusel et Kâstner
1289,Carlina,hispanica,,,Lam.
1292,Carlina,hispanica,subsp.,galilaea,Meusel et Kàstner
1296,Carlina,involucrata,,,Poiret
1299,Carlina,involucrata,subsp.,libanotica,(Boiss.) Meusel et Kastner
1304,Carlina,kurdica,,,Meusel et Kâstner
1308,Carlina,lanata,,,L.
1312,Carlina,oligocephala,,,Boiss. et Kotschy
1317,Carlina,oligocephala,subsp.,oligocephala,
1318,Carthamus,,subsp.,oligocephala,L.
1327,Carthamus,dentatus,,,Vahl
1335,Carthamus,glaucus,,,M. Bieb.
1344,Carthamus,nitidus,,,Boiss.
1346,Carthamus,oxyacanthus,,,M. Bieb.
1349,Carthamus,persicus,,,Willd.
1351,Carthamus,tenuis,,,(Boiss. et Bl.) Bornm.
1357,Carthamus,tenuis,subsp.,foliosus,(Boiss.) Hanelt
1361,Carthamus,tenuis,subsp.,tenuis,
1362,Carthamus,tinctorius,,,L.
1367,Catananche,,var.,oxyacantha,L.
1369,Catananche,lutea,,,L.
1371,Celsia,,,,L.
1404,Centaurea,,,,L.
1406,Centaurea,ainetensis,,,Boiss.
1410,Centaurea,ammocyanus,,,Boiss.
1414,Centaurea,arifolia,,,Boiss.
1418,Centaurea,babylonica,,,(L.) L.
1421,Centaurea,balsamita,,,Lam.
1423,Centaurea,balsamitoides,,,Post
1425,Centaurea,behen,,,L.
1427,Centaurea,blancheana,,,Mouterde NOUVELLE
1430,Centaurea,bruguieriana,,,(DC.) Hand.-Mazz.
1434,Centaurea,bruguieriana,subsp.,bruguieriana ,
1435,Centaurea,calcitrapa,,,L 
1437,Centaurea,carduiformis,,,DC.
1440,Centaurea,carduiformis,var.,thrinciifolia,(DC.) Wagenitz  
1444,Centaurea,cassia,,,Boiss. 
1456,Centaurea,cheirolopha,,,(Fenzl) Wagenitz 
1463,Centaurea,crocodylium,,,L. 
1466,Centaurea,crocodylium,var.,crocodylioides,(Boiss.) Boiss. 
1471,Centaurea,cyanoides,,,Berg et Wahlenb. 
1475,Centaurea,cyanus,,,L. 
1477,Centaurea,damascena,,,Boiss. 
1479,Centaurea,delbesiana,,,Arènes 
1484,Centaurea,drabifolia,,,Sibth. et Sm.
1489,Centaurea,drabifolia,subsp.,libanotica,(Boiss.) Wagenitz 
1492,Centaurea,dumulosa,,,Boiss.  • 
1495,Centaurea,eryngioides,,,Lam. 
1514,Centaurea,handelii,,,Wagenitz 
1518,Centaurea,heterocarpa,,,Boiss. et Gaill. ex Boiss. 
1524,Centaurea,hololeuca,,,Boiss. 
1526,Centaurea,hyalolepis,,,Boiss. 
1528,Centaurea,iberica,,,Trev. ex Sprengel 
1533,Centaurea,iberica,var.,hermonis,(Boiss.) Boiss. 
1537,Centaurea,iberica,var.,meryonis,(DC.) Boiss. 
1546,Centaurea,laxa,,,Boiss. et Hausskn. in Boiss. 
1554,Centaurea,longispina,,,(Post) Wagenitz 
1560,Centaurea,mesopotamica,,,Bornm. 
1562,Centaurea,microcnicus,,,Reese et Sam. in Rech. fil.
1569,Centaurea,mouterdei,,,Wagenitz 
1580,Centaurea,Wagenitz ,,,
1581,Centaurea,onopordifolia,,,Boiss.  
1584,Centaurea,pallescens,,,Delile  
1596,Centaurea,postii,,,Boiss. 
1598,Centaurea,procurrens,,,Sieb. ex Sprengel 
1606,Centaurea,ptosimoppapa,,,Hayek 
1621,Centaurea,reducta,,,Wagenitz 
1623,Centaurea,regia,,,Boiss.
1626,Centaurea,regia,subsp.,regia ,
1627,Centaurea,rigida,,,Banks et Sol.  
1633,Centaurea,rigida,var.,schizophylla,(Nâbêlek) Wagenitz
1639,Centaurea,simulans,,,Wagenitz 
1641,Centaurea,sinaica,,,DC.  
1644,Centaurea,solstitialis,,,L.
1647,Centaurea,solstitialis,subsp.,solstitialis ,
1648,Centaurea,speciosa,,,Boiss. 
1650,Centaurea,spicata,,,Boiss. 
1661,Centaurea,trachonitica,,,Post 
1663,Centaurea,triumfettii,,,AU.  
1671,Centaurea,verutum,,,L. 
1677,Centaurea,virgata,,,Lam. 
1680,Centaurea,virgata,var.,squarrosa,Boiss. 
1683,Centaurea,virgata,var.,virgata ,
1684,Centaurium,,var.,virgata ,Hill 
1686,Centaurium,erythraea,,,Rafin. 
1689,Centaurium,erythraea,var.,laxum,(Boiss.) Moût.  
1700,Centaurium,erythraea,var.,var.,
1701,Centaurium,erythraea,var.,sanguineum,(Mab.) Greuter 
1704,Centaurium,maritimum,,,L. 
1708,Centaurium,pulchellum,,,(Sw.) Druce 
1714,Centaurium,spicatum,,,(L.) Fritsch 
1717,Centaurium,tenuiflorum,,,(Hoffmanns et Link)
1721,Centaurium,Fritsch ,,,
1738,Centauserratula,x.,,,mouterdei Arènes 
1741,Centranthus,,,,DC.
1743,Centranthus,longinorus,,,Stev.
1746,Centranthus,longinorus,var.,latifolius,Boiss.
1751,Cephalaria,,,,Schrader
1753,Cephalaria,amana,,,Rech. fil.
1756,Cephalaria,cedrorum,,,Mouterde
1758,Cephalaria,dipsacoides,,,Boiss. et Bal.
1763,Cephalaria,dipsacoides,var.,libanotica,Boiss.
1765,Cephalaria,joppensis,,,(Reichenb.) Coult.
1772,Cephalaria,kesruanica,,,Mouterde
1781,Cephalaria,setosa,,,Boiss. et Hohen.
1785,Cephalaria,stellipilis,,,Boiss.
1787,Cephalaria,syriaca,,,(L.) Schrader
1791,Cephalaria,syriaca,subsp.,phoeniciaca,Bobr.
1794,Cephalaria,syriaca,var.,boissieri,(Reut.) Boiss.
1798,Cephalaria,syriaca,var.,sessile,Boiss.
1800,Cephalorrhynchus,,var.,sessile,Boiss.
1808,Cephalorrhynchus,tuberosus,,,(Stev.) Schchian
1811,Cerinthe,,,,L.
1813,Cerinthe,major,,,L.
1815,Cerinthe,minor,,,L.
1819,Cerinthe,palaestina,,,Eig et Sam.
1829,Chamaemelum,,,,Miller
1843,Chamaemelum,mixtum,,,(L.) AH.
1872,Chardinia,,,,Desf.
1874,Chardinia,orientalis,,,(L.) O. Kuntze
1898,Chondrilla,,,,L.
1900,Chondrilla,juncea,,,L.
1904,Chrysanthemum,,,,L.
1912,Chrysanthemum,coronarium,,,L.
1917,Chrysanthemum,myconis,,,L. 
1920,Chrysanthemum,myconis,var.,bicolor,(Guss.) Hayek 
1926,Chrysanthemum,segetum,,,L. 
1933,Cicendia,,,,Adans. 
1935,Cicendia,filiformis,,,(L.) Delarbre 
1938,Cicerbita,,,,Wallr.  
1945,Cicerbita,mulgedioides,,,(Schultz Bip. ex Vis. et Pané.) Beauverd 
1953,Cichorium,,,,L. 
1962,Cichorium,intybus,,,L. 
1964,Cichorium,pumilum,,,Jacq. 
1966,Cionura,,,,Griseb. 
1968,Cionura,erecta,,,(L.) Griseb. 
1971,Cirsium,,,,Miller 
1976,Cirsium,amani,,,Post 
1982,Cirsium,creticum,,,(Lam.) d'Urv.
1986,Cirsium,creticum,subsp.,gaiUardotii,(Boiss.) Davis et Parris   '  
2004,Cirsium,lappaceum,,,(Bieb.) Fischer 
2008,Cirsium,lappaceum,var.,hermonis,Boiss. 
2010,Cirsium,libanoticum,,,DC. 
2012,Cirsium,phyllocephalum,,,Boiss. et Bl. in Boiss. 
2021,Cirsium,siculum,,,Sprengel 
2026,Cirsium,vulgare,,,(Savi) Tenore 
2032,Cistanche,,var.,araneosum,Hoffmannsegg et Link 
2036,Cistanche,phelipaea,,,(L.) Coutinho 
2039,Cistanche,salsa,,,(C.A. Meyer) Beck 
2046,Cistanche,tubulosa,,,(Schenk) R. Wight 
2050,Citrullus,,,,Schrader ex Eyck. et Zeyh. 
2056,Citrullus,colocynthis,,,(L.) Schrader 
2066,Cnicus,,,,L. 
2068,Cnicus,benedictus,,,L. 
2081,Convolvulus,,,,L. 
2085,Convolvulus,althaeoides,,,L. 
2088,Convolvulus,althaeoides,var.,italicus,(Roem. et Schult.) Halàcsy  
2097,Convolvulus,arvensis,,,L. 
2099,Convolvulus,betonicifolius,,,Mill. 
2101,Convolvulus,cantabrica,,,L. 
2103,Convolvulus,cassius,,,Sam. ex Rech.  fil. 
2108,Convolvulus,coelesyriacus,,,Boiss. 
2114,Convolvulus,dorycnium,,,L. 
2117,Convolvulus,dorycnium,subsp.,oxysepalus,(Boiss.) Rech.  fil. 
2124,Convolvulus,elegantissimus,,,Mill. 
2126,Convolvulus,euphraticus,,,Bornm. 
2128,Convolvulus,galaticus,,,Rostan ex Choisy 
2132,Convolvulus,hamrinensis,,,Rech.  fil. 
2139,Convolvulus,humilis,,,Jacq. 
2141,Convolvulus,libanoticus,,,Boiss. 
2143,Convolvulus,lineatus,,,L. 
2147,Convolvulus,pentapetaloides,,,L. 
2149,Convolvulus,pilosellifolius,,,Desr. 
2151,Convolvulus,reticulatus,,,Choisy 
2153,Convolvulus,scammonia,,,L. 
2155,Convolvulus,secundus,,,Desr. 
2157,Convolvulus,siculus,,,L. 
2161,Convolvulus,stachydifolius,,,Choisy 
2163,Convolvulus,stenophyllus,,,Boiss. 
2172,Convolvulus,tricolor,,,L. 
2186,CordiaL. ,,,,
2187,CordiaL. ,myxa,,,L. 
2189,Coridothymus,,,,Reichb. 
2191,Coridothymus,capitatus,,,(L.) Reichb. 
2203,Cousinia,,,,Cass. 
2205,Cousinia,aintabensis,,,Boiss. et Hausskn. in Boiss.
2211,Cousinia,aleppica,,,Boiss. 
2223,Cousinia,hermonis,,,Boiss.
2225,Cousinia,libanotica,,,D C
2228,Cousinia,pestalozzae,,,Boiss.
2230,Cousinia,postiana,,,Winkler
2232,Cousinia,ramosissima,,,DC.
2234,Cousinia,stenocephala,,,Boiss.
2236,Cousinia,wesheni,,,Post
2238,Crépis,,,,L.
2240,Crépis,aculeata,,,(DC.) Boiss.
2243,Crépis,alpina,,,L.
2248,Crépis,arabica,,,(Boiss. et Reut.) Boiss.
2253,Crépis,aspera,,,L.
2262,Crépis,foetida,,,L.
2265,Crépis,foetida,subsp.,commutata,(Sprengel) Bab-
2269,Crépis,foetida,subsp.,subsp.,
2270,Crépis,foetida,subsp.,foetida,
2272,Crépis,foetida,subsp.,rhoeadifolia,(Bieb.) Celak
2275,Crépis,hierosolymitana,,,Boiss.
2279,Crépis,kotschyana,,,Boiss.
2283,Crépis,micrantha,,,Czer.
2285,Crépis,palaestina,,,(Boiss.) Bornm.
2294,Crépis,pterothecoides,,,Boiss.
2296,Crépis,pulchra,,,L.
2298,Crépis,reuteriana,,,Boiss.
2301,Crépis,reuteriana,subsp.,eigiana,Babcock
2304,Crépis,reuteriana,subsp.,reuteriana,
2308,Crépis,robertioides,,,Boiss.
2310,Crépis,sancta,,,(L.) Babcock
2322,Crépis,sancta,subsp.,obovata,(Boiss. et Noë) Bab-
2328,Crépis,sancta,subsp.,subsp.,
2329,Crépis,sancta,subsp.,sancta,
2330,Crépis,senecioides,,,Del.
2332,Crépis,syriaca,,,(Bornm.) Babcock et Nav.
2339,Crépis,zacyntha,,,(L.) Babcock
2342,Cressa,,,,L.
2344,Cressa,eretica,,,L.
2346,Crucianella,,,,L.
2350,Crucianella,ciliata,,,Lam.
2352,Crucianella,exasperata,,,Fisch. et Mey.
2358,Crucianella,herbacea,,,Forssk. NOUVELLE
2361,Crucianella,imbricata,,,Boiss. 
2364,Crucianella,imbricata,var.,asperula,(Sam.) Rech.  fil. 
2369,Crucianella,imbricata,var.,imbricata ,
2370,Crucianella,latifolia,,,L. 
2372,Crucianella,macrostachya,,,Boiss. 
2375,Crucianella,macrostachya,var.,brachystachya,Boiss. 
2378,Crucianella,macrostachya,var.,hispidula,Boiss. 
2382,Crucianella,membranacea,,,Boiss. 
2386,Cruciata,,,,Mill.  
2389,Cruciata,articulata,,,(L.) Ehrendorfer 
2392,Cruciata,coronata,,,(Sibth. et Sm.) Ehrendorfer  
2399,Cruciata,coronata,var.,mesopotamica,Ehrendorfer  
2403,Cruciata,coronata,var.,syriaca,Ehrendorfer 
2405,Cruciata,pedemontana,,,(Bell.) Ehrendorfer 
2408,Crupina,,,,(Pers.) DC. 
2411,Crupina,crupinastrum,,,(Moris) Vis. 
2417,Cucumis,,,,L. 
2419,Cucumis,prophetarum,,,L. 
2421,Cuscuta,,,,L. 
2423,Cuscuta,approximata,,,Bab. 
2426,Cuscuta,approximata,var.,approximata ,
2428,Cuscuta,approximata,var.,schiraziana,(Boiss.) Yuncker 
2432,Cuscuta,approximata,var.,urceolata,Yuncker 
2436,Cuscuta,babylonica,,,Auch. ex Choisy 
2440,Cuscuta,balansae,,,Boiss. et Reut. ex Yuncker 
2446,Cuscuta,brevistyla,,,A.Braun. ex A. Rich. 
2451,Cuscuta,campestris,,,Yuncker 
2459,Cuscuta,epithymum,,,(L.) L. 
2463,Cuscuta,epithymum,var.,alba,(C.Presl.) Trabut 
2467,Cuscuta,epithymum,var.,rubella,(Engelm.) Trabut 
2470,Cuscuta,europaea,,,L. 
2473,Cuscuta,europaea,var.,indica,Engelm. 
2481,Cuscuta,kotschyana,,,Boiss. 
2483,Cuscuta,monogyna,,,Vahl  
2486,Cuscuta,palaestina,,,Boiss. 
2489,Cuscuta,palaestina,var.,syriana,Yuncker 
2491,Cuscuta,pedicellata,,,Ledeb. 
2493,Cuscuta,planiflora,,,Ten. 
2503,Cyclamen,,,,L. 
2505,Cyclamen,coum,,,Mill. 
2509,Cyclamen,libanoticum,,,Hildebr. 
2511,Cyclamen,persicum,,,Mill. 
2513,Cymbolaena,,,,Smolj.
2515,Cymbolaena,griffithii,,,(A.Gray) Wagenitz
2522,Cynanchum,,,,L.
2524,Cynanchum,acutum,,,L.
2532,Cynara,,,,L.
2538,Cynara,syriaca,,,Boiss.
2540,Cynoglossum,,,,L.
2542,Cynoglossum,creticum,,,Mill.
2554,Cynoglossum,nebrodense,,,Guss.
2561,Datura,,,,L.
2563,Datura,metel,,,L.
2565,Datura,stramonium,,,L.
2572,Digitalis,,,,L.
2574,Digitalis,ferruginea,,,L.
2583,Dipsacus,,,,L.
2585,Dipsacus,fullonum,,,L.
2588,Dipsacus,fullonum,var.,comosus,Ledeb.
2594,Dipsacus,laciniatus,,,L.
2596,Dipsacus,sativus,,,(L.) Honckeny
2601,Dipterocome,,,,Fisch. et Mey.
2605,Dipterocome,pusilla,,,Fisch. et Mey.
2618,Doronicum,,,,L.
2622,Doronicum,orientale,,,Hoffm.
2643,Ecballium,,,,A. Rich.
2646,Ecballium,elaterium,,,(L.) A. Rich.
2650,Echinops,,,,L.
2652,Echinops,adenocaulos,,,Boiss.
2659,Echinops,descendens,,,Hand.-Mazz.
2661,Echinops,gaillardotii,,,Boiss.
2663,Echinops,polyceras,,,Boiss.
2665,Echinops,viscosus,,,DC.
2668,Echinops,viscosus,var.,macrolepis,Boiss.
2697,Echium,,,,L.
2701,Echium,angustifolium,,,Mill.
2713,Echium,glomeratum,,,Poir.
2715,Echium,italicum,,,L.
2717,Echium,judaeum,,,Lacaita
2721,Echium,pabotii,,,Moût.
2725,Echium,plantagineum,,,L.
2727,Echium,setosum,,,Vahl
2729,Eclipta,,,,L.
2737,Eclipta,prostrata,,,(L.) L.
2747,Eremostachys,,,,Bunge
2749,Eremostachys,laciniata,,,(L.) Bunge
2752,Eremostachys,macrophylla,,,Montb. et Auch.
2756,Erica,,,,L.
2758,Erica,manipuliflora,,,Salisb.
2766,Engeron,,,,L.
2777,Engeron,bonariensis,,,L.
2779,Engeron,canadense,,,L.
2787,Engeron,libanoticus,,,Vierh.
2791,Engeron,naudinii,,,(Bonnet) Humbert
2794,Engeron,viscosum,,,(L.) Aiton
2832,Eupatorium,,,,L.
2834,Eupatorium,adenophorum,,,Sprengel
2836,Eupatorium,cannabinum,,,L.
2839,Eupatorium,cannabinum,var.,indivisum,DC.
2842,Eupatorium,cannabinum,var.,syriacum,(Jacq.) Boiss.
2897,Filago,,,,L.
2899,Filago,anatolica,,,(Boiss. et Heldr.) Chrtek et
2905,Filago,Holub,,,NOUVELLE
2907,Filago,arvensis,,,L.  
2915,Filago,contracta,,,(Boiss.) Chrtek et Holub  
2921,Filago,desertorum,,,Pomel  
2924,Filago,eriocephala,,,Gusş.  
2927,Filago,eriosphaera,,,(Boiss. et Heldr.) Chrtek et
2933,Filago,Holub ,,,
2934,Filago,gallica,,,L.  
2951,Filago,palaestina,,,(Boiss.) Chrtek et Holub 
2956,Filago,pygmaea,,,L. 
2958,Filago,pyramidata,,,L. 
2967,Fontanesia,,var.,prostrata,Labili. 
2969,Fontanesia,phillyreoides,,,Labili. 
2971,Francoeuria,,,,Cass. 
2976,Francoeuria,undulata,,,(L.) Lack 
2979,Fraxinus,,,,L.  
2982,Fraxinus,excelsior,,,L.  
2985,Fraxinus,ornus,,,L.  
2993,Fraxinus,syriaca,,,Boiss.  
2996,Galium,,,,L. 
3000,Galium,aparine,,,L. 
3015,Galium,aureum,,,Vis. 
3017,Galium,bassitense,,,Thiéb. 
3022,Galium,bracteatum,,,Boiss. 
3024,Galium,canum,,,Requien 
3027,Galium,canum,var.,musciforme,Boiss. 
3031,Galium,cassium,,,Boiss.  
3037,Galium,chaetopodum,,,Rech.  fil.  
3041,Galium,constrictum,,,Schaub. 
3056,Galium,divaricatum,,,Lam.  
3070,Galium,hierosolymitanum,,,L.  
3073,Galium,humifusum,,,M. Bieb.
3076,Galium,incanum,,,Sibth. et Sm.
3080,Galium,judaicum,,,Boiss.
3082,Galium,jungermannioides,,,Boiss.
3084,Galium,libanoticum,,,Ehrendorfer
3088,Galium,murale,,,(L.) AU.
3093,Galium,nigricans,,,Boiss.
3096,Galium,nigricans,var.,brachychaetum,Boiss.
3103,Galium,parisiense,,,L.
3108,Galium,peplidifolium,,,Boiss.
3110,Galium,pestalozzae,,,Boiss.
3113,Galium,pestalozzae,f.,ehrenbergii,(Boiss.) Ehrendorfer
3118,Galium,pisiferum,,,Boiss.
3120,Galium,prusense,,,C. Koch
3130,Galium,samuelssonii,,,Ehrendorfer
3133,Galium,samuelssonii,var.,pseudadhaerens,Ehrendorfer
3143,Galium,setaceum,,,Lam.
3146,Galium,setaceum,subsp.,decaisnei,(Boiss.) Ehrendorfer
3149,Galium,spurium,,,L.
3153,Galium,tenuissimum,,,M. Bieb.
3156,Galium,thiebautii,,,Ehrendorfer
3158,Galium,thiebautii,,,x canum
3165,Galium,tricornutum,,,Dandy
3167,Galium,verrucosum,,,Hudson
3169,Galium,verticillatum,,,Danth.
3171,Galium,verum,,,L.
3176,Garhadiolus,,,,Jaub. et Spach
3180,Garhadiolus,hamosus,,,Boiss. et Hausskn.
3184,Garhadiolus,hedypnois,,,(Fisch. et C.A. Meyer) Jaub.
3190,Garhadiolus,et,,,Spach
3192,Garhadiolus,papposus,,,Boiss. et Buhse
3196,Gastrocotyle,,,,(Bunge) Benth. et Hook.
3201,Gastrocotyle,hispida,,,(Forssk.) C.B. Clarke
3205,Gentiana,,,,L.
3211,Gentiana,olivieri,,,Griseb.
3232,Globularia,,,,L.
3234,Globularia,trichosantha,,,Fisch. et Mey.
3238,Gnaphalium,,,,L.
3244,Gnaphalium,luteo-album,,,L.
3258,Gnaphalium,uliginosum,,,L.
3267,Goniolimon,,,,Boiss.
3269,Goniolimon,collinum,,,(Griseb.) Boiss.
3272,Guizotia,,,,Cass.
3274,Guizotia,abyssinica,,,(L.fil.) Cass.
3277,Gundelia,,,,L.
3279,Gundelia,tournefortii,,,L.
3281,Gymnarrhena,,,,Desf.
3283,Gymnarrhena,micrantha,,,Desf. H
3302,Hedypnois,,,,Schreber  
3305,Hedypnois,eretica,,,(L.) Dum.-Cours. 
3309,Hedypnois,eretica,subsp.,monspeliensis,(Willd.) Murb.
3317,Hedypnois,rhagadioloides,,,(L.) F.W. Schmidt 
3322,Hedypnois,rhagadioloides,subsp.,tubiformis,(Ten.) Murb. 
3327,Helichrysum,,,,Mill. 
3331,Helichrysum,arenarium,,,(L.) Moench
3335,Helichrysum,arenarium,subsp.,aucheri,(Boiss.) Davis et Ku-
3341,Helichrysum,armenium,,,DC.
3344,Helichrysum,armenium,subsp.,armenium ,
3352,Helichrysum,conglobatum,,,(Viv.) Steudel 
3356,Helichrysum,conglobatum,subsp.,conglobatum,
3359,Helichrysum,pallasii,,,(Sprengel) Ledeb. 
3362,Helichrysum,plicatum,,,DC.
3365,Helichrysum,plicatum,subsp.,plicatum ,
3366,Helichrysum,pygmaeum,,,Post 
3368,Helichrysum,sanguineum,,,(L.) Kostel 
3387,Helichrysum,virgineum,,,DC.  
3390,Heliotropium,,,,L. 
3394,Heliotropium,bovei,,,Boiss. 
3396,Heliotropium,dolosum,,,De Not.  
3416,Heliotropium,Schrank ,,,
3417,Heliotropium,greuteri,,,Riedl  
3420,Heliotropium,hirsutissimum,,,Grauer  
3423,Heliotropium,lasiocarpum,,,Fisch. et Mey. 
3429,Heliotropium,myosotoides,,,Banks et Sol.  
3440,Heliotropium,ramosissimum,,,(Lehm.) DC.  
3444,Heliotropium,rotundifolium,,,Sieb. ex Lehm. 
3448,Heliotropium,schweinfurthii,,,Boiss. 
3450,Heliotropium,supinum,,,L. 
3468,Heterocaryum,,,,A. DC.  
3487,Heterocaryum,subsessile,,,Vatke 
3489,Heterocaryum,szovitsianum,,,(Fisch. et Mey.) A. DC.  
3496,Hieracium,,,,L. 
3505,Hieracium,bauhinii,,,Besser 
3507,Hieracium,kneissaeum,,,Mouterde 
3519,Hieracium,procerum,,,Fries
3522,Hieracium,procerum,subsp.,procerum,
3525,Hieracium,schmidtii,,,agg.
3533,Hormuzakia,,,,Guşul.
3535,Hormuzakia,aggregata,,,(Lehm.) Guşul.
3538,Hyoscyamus,,,,L.
3540,Hyoscyamus,albu^L.,,,
3544,Hyoscyamus,aureus,,,L'.
3548,Hyoscyamus,desertorum,,,(Asch.) Tăck.
3551,Hyoscyamus,muticus,,,L.
3553,Hyoscyamus,niger,,,L.
3555,Hyoscyamus,pusillus,,,L.
3557,Hyoscyamus,reticulatus,,,L.
3560,Hyoscyamus,reticulatus,var.,integrifolius,Boiss.
3562,Hyoseris,,var.,integrifolius,L.
3568,Hyoseris,scabra,,,L.
3570,Hypochoeris,,,,L.
3577,Hypochoeris,glabra,,,L. I
3580,Ifloga,,,,Gass.
3582,Ifloga,spicata,,,(Forssk.) Schultz Bip.
3586,Inula,,,,L.
3592,Inula,crithmoides,,,L.
3599,Inula,graveolens,,,(L.) Desf.
3602,Inula,heterolepis,,,Boiss.
3604,Inula,salicina,,,L.
3608,Inula,viscosa,,,(L.) Aiton
3611,Inula,vulgaris,,,(Lam.) Trevisan
3614,Ipomoea,,,,L.
3621,Ipomoea,palmata,,,Forssk.
3623,Ipomoea,sagittata,,,Poir.
3625,Ipomoea,stolonifera,,,(Cyr.) J.F. Gmel. J
3630,Jasminum,,,,Tourn.
3632,Jasminum,fruticans,,,L.
3634,Jurinea,,,,Cass.
3636,Jurinea,mesopotamica,,,Hand.-Mazz.
3638,Jurinea,staehelinae,,,(DC.) Boiss.
3660,Kickxia,,,,Dumort.
3662,Kickxia,aegyptiaca,,,(L.) Nàbëlek
3665,Kickxia,commutata,,,(Bernh.) Fritsch
3669,Kickxia,commutata,var.,polygonoides,(Rev.) Cufodontis
3672,Kickxia,elatine,,,(L.) Dumort.
3675,Kickxia,gombaultii,,,(Thiéb.) Mouterde
3678,Kickxia,lanigera,,,(Desf.) Hand.-Mazz.
3681,Kickxia,sieberi,,,(Reichenb.) Dôrfl.
3684,Kickxia,spuria,,,(L.) Dumort.
3687,Knautia,,,,L.
3689,Knautia,bidens,,,(Sibth. et Sm.) Boiss.
3700,Knautia,integrifolia,,,(L.) Bert.
3708,Knautia,integrifolia,var.,integrifolia,
3711,Koelpinia,,,,Pallas
3713,Koelpinia,linearis,,,Pallas L
3716,Lactuca,,,,L.
3718,Lactuca,aculeata,,,Boiss. et Kotschy
3729,Lactuca,saligna,,,L.
3733,Lactuca,serriola,,,L.
3744,Lactuca,undulata,,,Ledeb.
3758,Lallemantia,,,,Fisch. et Mey.
3762,Lallemantia,iberica,,,(Bieb.) Fisch. et Mey.
3767,Lallemantia,royleana,,,Benth. in DC.
3771,Lamium,,,,L.
3774,Lamium,,adoxifolium,Hand.-Mazz.,NOUVELLE
3776,Lamium,aleppicum,,,Boiss. et Hausskn. 
3780,Lamium,amplexicaule,,,L. 
3785,Lamium,ehrenbergii,,,Boiss. et Reut. 
3789,Lamium,macrodon,,,Boiss. et Huet 
3793,Lamium,moschatum,,,Mill. 
3795,Lamium,purpureum,,,L. 
3797,Lamium,reniforme,,,Montb. et Auch. 
3801,Lamium,striatum,,,Sibth. et Sm.  
3807,Lamium,striatum,var.,minus,Boiss. 
3812,Lamium,truncatum,,,Boiss. 
3814,Lamium,veronicifolium,,,Benth. 
3820,Lappula,,,,Gilib.  
3823,Lappula,barbata,,,(Bieb.) Gûrke  
3828,Lappula,barbata,var.,barbata ,
3830,Lappula,barbata,var.,cariensis,(Boiss.) Brand 
3833,Lappula,sessiliflora,,,(Boiss.) Giirke  
3837,Lappula,sinaica,,,(DC.) Asch. et Schweinf. 
3842,Lappula,spinocarpos,,,(Forssk.) Asch. ex O.
3847,Lappula,Kuntze ,,,
3848,Lapsana,,,,L. 
3850,Lapsana,communis,,,L. 
3853,Lapsana,communis,subsp.,ramosissima,(Boiss.) Rech.
3871,Lasiopogon,,,,Desf. 
3873,Lasiopogon,muscoides,,,(Desf.) DC.  
3877,Launaea,,,,Cass. 
3879,Launaea,nudicaulis,,,(L.) Hook. f. 
3883,Launaea,tenuiloba,,,(Boiss.) O. Kuntze 
3887,Laurentia,,,,Adanson 
3889,Laurentia,gasparrinii,,,(Tineo) Strobl 
3896,Laurentia,minuta,,,(L.) DC.  
3903,Lavandula,,,,L.  
3906,Lavandula,stoechas,,,L.  
3909,Legousia,,,,Durande 
3911,Legousia,falcata,,,(Ten.) Fritsch 
3914,Legousia,pentagonia,,,(L.) Thell.  
3918,Legousia,speculum-veneris,,,(L.) Chaix 
3923,Leontodon,,,,L. 
3925,Leontodon,asperrimus,,,(Willd.) J. Bail  
3935,Leontodon,laciniatus,,,(Bertol.) Widder ex Bornm. 
3940,Leontodon,ubanoticus,,,Boiss.
3942,Leontodon,tuberosus,,,L.
3957,Leysera,,,,L.
3962,Leysera,leyseroides,,,(Desf.) Maire
3965,Limonium,,,,Miller
3967,Limonium,angustifolium,,,(Tausch) Degen
3970,Limonium,globuliferum,,,(Boiss. et Heldr.) O.
3975,Limonium,Kuntze,,,
3976,Limonium,graecum,,,(Poir.) O. Kuntze
3984,Limonium,palmyrense,,,(Post) Dinsm.
3987,Limonium,sieberi,,,(Boiss.) O. Kuntze
3991,Limonium,sinuatum,,,(L.) Mill.
3994,Limonium,spicatum,,,(Willd.) O. Kuntze
3998,Limonium,thouinii,,,(Viv.) O. Kuntze
4002,Limonium,virgatum,,,(Willd.) Fourr.
4005,Linaria,,,,L.
4010,Linaria,albifrons,,,(Sibth. et Sm.) Spreng.
4015,Linaria,antilibanotica,,,Rech. fil.
4018,Linaria,arvensis,,,(L.) Desf.
4022,Linaria,arvensis,var.,flaviflora,Boiss.
4028,Linaria,aucheri,,,Boiss.
4030,Linaria,chalepensis,,,(L.) Miller
4038,Linaria,cymbalaria,,,(L.) Miller
4041,Linaria,damascena,,,Boiss. et Gaill.
4051,Linaria,genistifolia,,,(L.) Miller
4058,Linaria,joppensis,,,Bornm.
4063,Linaria,longipes,,,Boiss. et Heldr.
4067,Linaria,micrantha,,,(Cav.) Hoffm. et Link
4072,Linaria,minor,,,(L.) Desf.
4075,Linaria,parviflora,,,Desf. non Jacq.
4082,Linaria,pelisseriana,,,(L.) Miller
4085,Linaria,persica,,,Chav.
4089,Linaria,simplex,,,(Willd.) DC.
4095,Linaria,tenuis,,,(Viv.) Spreng.
4103,Lithodora,,,,Griseb.
4105,Lithodora,hispidula,,,(Sm.) Griseb. NOUVELLE
4109,Lithospermum,,,,L.
4111,Lithospermum,arvense,,,L.
4124,Lithospermum,ihcrassatum,,,Guss.
4126,Lithospermum,officinale,,,L.
4131,Lithospermum,purpureocaeruleum,,,L.
4133,Lithospermum,sibthorpianum,,,Griseb.
4135,Lithospermum,tenuiflorum,,,L. fil.
4167,Lonicera,,,,L.
4169,Lonicera,etrusca,,,Santi
4172,Lonicera,etrusca,yar.,hispidula,Boiss.
4174,Lonicera,nummularifolia,,,Jaub. et Spach
4178,Lonicera,orientalis,,,Lam.
4184,Lycium,,,,L.
4186,Lycium,barbarum,,,L.
4188,Lycium,chinense,,,Mill.
4190,Lycium,europaeum,,,L.
4200,Lycopus,,,,L.
4202,Lycopus,europaeus,,,L.
4204,Lysimachia,,,,L.
4206,Lysimachia,dubia,,,Ait.
4216,x,,,,
4223,Mandragora,,,,L.
4225,Mandragora,autumnalis,,,Bertol.
4232,Marrubium,,,,L.  
4237,Marrubium,cuneatum,,,Banks et Sol.  
4254,Marrubium,hierapolitanum,,,Moût.  
4257,Marrubium,libanoticum,,,Boiss.  
4261,Marrubium,libanoticum,var.,hermonis,(Boiss.) Boiss.  
4265,Marrubium,radiatum,,,Delile ex Benth.  
4272,Marrubium,vulgare,,,L.  
4287,Matricaria,,,,L. 
4289,Matricaria,aurea,,,(L.) Schultz-Bip.  
4293,Matricaria,chamomilla,,,L.  
4297,Matricaria,chamomilla,var.,chamomilla, 
4304,Matricaria,chamomilla,var.,pappulosa,Margot et Reuter  
4322,Mattiastrum,,,,(Boiss.) Brand 
4325,Mattiastrum,lamprocarpum,,,(Boiss.) Brand 
4328,Mattiastrum,lithospermifolium,,,(Lam.) Brand 
4331,Melissa,,,,L. 
4335,Melissa,inodora,,,Bornm.  
4338,Melissa,officinalis,,,L.  
4341,Mentha,,,,L. 
4343,Mentha,aquatica,,,L. 
4349,Mentha,longifolia,,,L. 
4351,Mentha,microphylla,,,C. Koch 
4354,Mentha,pulegium,,,L. 
4357,Mentha,pulegium,var.,erecta,Wirtg. 
4371,Mericarpaea,,var.,stenostachya,Boiss. 
4373,Mericarpaea,vàillantioides,,,Boiss. 
4375,Michauxia,,,,L'Hérit. 
4377,Michauxia,campanuloides,,,L'Hérit.  
4380,Michauxia,nuda,,,DC.   -  
4394,Micromeria,,,,Benth. 
4396,Micromeria,amana,,,Rech.  fil.  NOUVELLE
4400,Micromeria,barbata,,,Boiss. et Ky
4404,Micromeria,graeca,,,(L.) Benth.
4408,Micromeria,graeca,subsp.,laxiflora,(Post) Mouterde
4411,Micromeria,juliana,,,(L.) Benth.
4420,Micromeria,libanotica,,,Boiss.
4422,Micromeria,myrtifolia,,,Boiss. et Hoh.
4426,Micromeria,nervosa,,,(Desf.) Benth.
4429,Micromeria,nummulariifolia,,,Boiss.
4431,Micromeria,serpyllifolia,,,(Bieb.) Boiss.
4440,Micromeria,shepardi,,,Post
4442,Micropus,,,,L.
4454,Micropus,supmus,,,i-à*
4463,Mindium,Schiman-Czeika,,,
4471,Mindium,Czeika,,,
4474,Moltkia,,,,Lehm.
4478,Moltkia,coerulea,,,(Willd.) Lehm.
4481,Moltkia,longiflora,,,(Bertol.) Wettst.
4484,Moluccella,,,,L.
4486,Moluccella,laevis,,,L.
4490,Moluccella,spinosa,,,L.
4492,Moriria,,,,L.
4494,Moriria,persica,,,L.
4496,Mosheovia,,,,Eig
4498,Mosheovia,galilaea,,,Eig
4507,Myopordon,,,,Boiss.
4509,Myopordon,pulchellum,,,(Winkler et Barbey) Wa-
4514,Myopordon,genitz,,,
4515,Myopordon,thiebauti,,,(G nty) Wagenitz
4519,Myosotis,,,,L.
4523,Myosotis,caespitosa,,,CF. Schultz
4530,Myosotis,lithospermifolia,,,(Willd.) Hornem.
4533,Myosotis,macrosiphon,,,Font Quer et Maire
4542,Myosotis,ramosissima,,,Rochel
4547,Myosotis,refracta,,,Boiss.
4549,Myosotis,sicula,,,Guss. Oo/
4555,Myosotis,stricta,,,Link ex Roem. et Schult. N
4562,Nepeta,,,,L.
4564,Nepeta,bithynica,,,Bornm.
4568,Nepeta,calycina,,,Fenzl
4570,Nepeta,x,,,campylantha Rech. fil.
4574,Nepeta,cataria,,,L.
4576,Nepeta,cilicica,,,Boiss.
4578,Nepeta,cryptantha,,,Boiss. et Hausskn.
4582,Nepeta,curviflora,,,Boiss.
4584,Nepeta,glomerata,,,Montb. et Auch.
4588,Nepeta,italica,,,L.
4590,Nepeta,leucostegia,,,Boiss. et Heldr.
4602,Nepeta,nuda,,,L.
4608,Nepeta,nuda,subsp.,pubescens,(Bornm.) Sam.
4616,Nepeta,pabotii,,,Mouterde
4620,Nepeta,trachonitica,,,Post
4622,Nerium,,,,L.
4624,Nerium,oleander,,,L.
4626,Nicandra,,,,Adanson
4628,Nicandra,physalodes,,,(L.) Gaertner
4631,Nicotiana,,,,L.
4633,Nicotiana,glauca,,,R. Graham
4636,Nonea,,,,Medic.
4638,Nonea,caspica,,,(Willd.) G. Don
4643,Nonea,caspica,subsp.,melanocarpa,(Boiss.) Riedl
4647,Nonea,caspica,subsp.,zygomorpha,Riedl
4655,Nonea,obtusifolia,,,(Willd.) DC.
4658,Nonea,palmyrensis,,,(Post) Sam.
4661,Nonea,ventricosa,,,(Sm.) Griseb.
4664,Notobasis,,,,Cass.
4666,Notobasis,syriaca,,,(L.) Cass. O
4670,Odontites,,,,Ludwig
4672,Odontites,aucheri,,,Boiss.
4674,Odontites,hitea,,,Clairv
4677,Odontites,hitea,var.,hispidula,Boiss.
4689,Oldenlandia,,,,L.
4691,Oldenlandia,capensis,,,L. f. NOUVELLE
4695,Olea,,,,L.
4697,Olea,europaea,,,L.
4707,Onopordum,,,,L.
4717,Onopordum,carduiforme,,,Boiss.
4722,Onopordum,cynarocephalum,,,Boiss. et Bl.
4741,Onopordum,illyricum,,,L.
4744,Onopordum,illyricum,subsp.,cardunculus,(Boiss.) Franco
4751,Onopordum,macrocephalum,,,Eig
4755,Onopordum,syriacum,,,Holmboe
4757,Onopordum,tauricum,,,Willd.
4769,Onosma,,,,L.
4771,Onosma,aleppica,,,Boiss.
4774,Onosma,aleppica,var.,xanthotricha,(Boiss.) Boiss.
4784,Onosma,aucherana,,,DC.
4786,Onosma,auriculata,,,Auch. ex D C
4791,Onosma,caerulescens,,,Boiss.
4795,Onosma,cassia,,,Boiss.
4799,Onosma,cinerea,,,Schreb.
4814,Onosma,frutescens,,,Lam.
4816,Onosma,gigantea,,,Lam.
4818,Onosma,mollis,,,DC.
4820,Onosma,orientalis,,,(L.) L.
4824,Onosma,orientalis,var.,palmyrena,Moût.
4832,Onosma,rascheyana,,,Boiss.
4834,Onosma,roussaei,,,DC.
4836,Onosma,sericea,,,Willd.
4838,Onosma,setosa,,,Ledeb.
4854,Origanum,,,,L.
4856,Origanum,x,,,adonidis Moût.
4859,Origanum,x,,,barbarae Bornm.
4862,Origanum,bargyli,,,"Moût,"
4864,Origanum,bargyli,,,x syriacum
4873,Origanum,ehrenbergii,,,Boiss.
4875,Origanum,ehrenbergii,,,x syriacum
4880,Origanum,laevigatum,,,x syriacum
4883,Origanum,libanoticum,,,Boiss.
4885,Origanum,libanoticum,,,x syriacum
4892,Origanum,x,,,pabotii Moût.
4895,Origanum,x,,,"symeonis Moût,"
4898,Origanum,syriacum,,,L.
4907,Orobanche,,,,L.
4909,Orobanche,aegyptiaca,,,Pers.
4911,Orobanche,astragali,,,Mout.
4915,Orobanche,camptolepis,,,Boiss. et Reut.
4919,Orobanche,cernua,,,Loefl.
4933,Orobanche,crenata,,,Forssk.
4935,Orobanche,grisebachii,,,Reuter in DC.
4939,Orobanche,hermonis,,,Mout.
4941,Orobanche,lavandulacea,,,Reichenb.
4943,Orobanche,libanotica,,,(Schweinfurth) G. Beck
4947,Orobanche,major,,,L.
4949,Orobanche,minor,,,L. in Sowerby
4953,Orobanche,mutelii,,,F.W. Schultz
4960,Orobanche,nana,,,(Reuter) Noë ex G. Beck
4966,Orobanche,pubescens,,,d'Urv.
4970,Orobanche,ramosa,,,L.
4972,Orobanche,schultzii,,,Mutel
4975,Orobanche,schultzii,f.,pyramidalis,(Reut.) G. Beck NOUVELLE
4980,Orobanche,serratocalyx,,,G. Beck 
4995,Otanthus,,,,"Hoffmanns, et Link  "
5000,Otanthus,maritimus,,,"(L.) Hoffmanns, et Link "
5005,Pallenis,,,,Cass. 
5007,Pallenis,spinosa,,,(L.) Cass. 
5010,Paracaryum,,,,(A. DC.) Boiss. 
5022,Paracaryum,rugulosum,,,(DC.) Boiss. 
5028,Parentucellia,,,,Viv. 
5030,Parentucellia,latifolia,,,(L.) Caruel. 
5034,Parentucellia,latifolia,var.,flaviflora,Boiss. 
5036,Parentucellia,viscosa,,,(L.) Caruel. 
5039,Pedicularis,,,,L. 
5041,Pedicularis,comosa,,,L. 
5043,Pentanema,,,,Cass. 
5045,Pentanema,divaricata,,,Cass. 
5047,Pentapera,,,,Klotzsch 
5049,Pentapera,sicula,,,(Guss.) Klotzsch
5053,Pentapera,sicula,var.,libanotica,C. et W. Barbey 
5058,Periploca,,var.,libanotica,L. 
5060,Periploca,angustifolia,,,Labili. 
5062,Periploca,graeca,,,L.  
5106,Phagnalon,,,,Cass. 
5108,Phagnalon,kotschyi,,,Schultz Bip. ex Boiss. 
5113,Phagnalon,linifolium,,,Post 
5115,Phagnalon,rupestre,,,(L.) DC. 
5172,Phillyrea,,,,Tourn. 
5178,Phillyrea,media,,,L. 
5180,Phlomis,,,,L. 
5189,Phlomis,bailanica,,,Vierh.  
5194,Phlomis,brachyodon,,,(Boiss.) Zohary  
5199,Phlomis,brachyodon,subsp.,damascena,(Bornm.) Sam. 
5202,Phlomis,brevilabris,,,Ehrenb. 
5204,Phlomis,bruguieri,,,Desf.  
5207,Phlomis,chrysophylla,,,Boiss.  
5210,Phlomis,cordata,,,Boiss. et Ky 
5223,Phlomis,kurdica,,,Rech.  fil. 
5229,Phlomis,longifolia,,,Boiss. et Bl.  
5249,Phlomis,pungens,,,Willd.  
5252,Phlomis,rigida,,,Labili.  
5255,Phlomis,syriaca,,,Boiss. 
5257,Phlomis,viscosa,,,Poir.  
5264,Phyla,,var., ,Loureiro 
5266,Phyla,nodiflora,,,(L.) Greene 
5269,Phyllocara,,,,Guşul.  
5272,Phyllocara,aucheri,,,(A. DC.) Guşul. 
5276,Physalis,,,,L. 
5286,Phyteuma,,,,
5298,Picnomon,,,,Adans.
5300,Picnomon,acarna,,,(L.) Cass.
5318,Picridium,Berth.,,,
5330,Picris,,,,L.
5332,Picris,altissima,,,Del.
5334,Picris,amalecitana,,,(Boiss.) Eig
5341,Picris,echioides,,,L.
5343,Picris,hieracioides,,,L.
5345,Picris,kotschyi,,,Boiss.
5347,Picris,longirostris,,,Schultz Bip.
5359,Picris,strigosa,,,M. Bieb.
5368,Plantago,,,,L.
5370,Plantago,afra,,,L.
5372,Plantago,albicans,,,L.
5374,Plantago,bellardii,,,Ail.
5377,Plantago,bellardii,subsp.,deflexa,(Pilger) Rech. fil.
5385,Plantago,coronopus,,,L.
5388,Plantago,coronopus,subsp.,commutata,(Guss.) Pilg.
5392,Plantago,coronopus,f.,weldenii,(Reichenb.) Pilg.
5395,Plantago,crassifolia,,,Forssk.
5397,Plantago,eretica,,,L.
5399,Plantago,cylindrica,,,Forssk.
5409,Plantago,holosteum,,,Scop.
5412,Plantago,holosteum,var.,capitellata,(Ram.) Bornm.
5416,Plantago,holosteum,var.,libanotica,Pilger
5418,Plantago,lagopus,,,L.
5420,Plantago,lanceolata,,,L.
5426,Plantago,lanceolata,var.,dubia,(L.) Lilj. ex Gilib.
5432,Plantago,lanceolata,var.,lanceolata,
5433,Plantago,loeflingii,,,L.
5435,Plantago,major,,,L.
5438,Plantago,major,subsp.,pleiosperma,Pilger
5440,Plantago,maritima,,,L.
5445,Plantago,notata,,,Lagasca
5448,Plantago,notata,subsp.,haussknechtii,(Vatke) Rech. fil.
5453,Plantago,notata,subsp.,notata,
5455,Plantago,notata,var.,haussknechtii,(Vatke) Pilger
5458,Plantago,ovata,,,Forssk.
5467,Plantago,squarrosa,,,Murr.
5470,Plantago,squarrosa,var.,brachystachys,Boiss.
5484,Pluchea,,,,Cass.
5486,Pluchea,dioscoridis,,,(L.) DC.
5489,Plumbago,,,,L.
5491,Plumbago,europaea,,,L.
5498,Podanthum,lanceolatum,var.,j3,alpinum Boiss.
5519,Postia,,,,Boiss. et Bl.
5523,Postia,lanuginosa,,,(DC.) Boiss.
5526,Postia,microcephala,,,Boiss.
5528,Prasium,,,,L.
5530,Prasium,majus,,,L.
5538,Primula,,,,L.
5550,Primula,vulgaris,,,Huds.
5561,Prunella,,,,L.  
5571,Prunella,laciniata,,,L. 
5573,Prunella,orientalis,,,Bornm.  
5576,Prunella,vulgaris,,,L. 
5578,Psychrogeton,,,,Boiss. 
5580,Psychrogeton,nigromontanus,,,(Boiss. et Buhse) Grier-
5585,Psychrogeton,son ,,,
5586,Psylliostachys,,,,(Jaub. et Spach) Nevski 
5591,Psylliostachys,spicatus,,,(Willd.) Nevski 
5594,Pterocephalus,,,,Vaill. 
5596,Pterocephalus,brevis,,,Coulter 
5609,Pterocephalus,plumosus,,,(L.) Coulter 
5612,Pterocephalus,pulverulentus,,,Boiss. et Bl.  
5623,Ptilostemon,,,,Cass. 
5625,Ptilostemon,chamaepeuce,,,(L.) Less. 
5634,Ptilostemon,chamaepeuce,turcicus, ,
5635,Ptilostemon,diacantha,,,(Labili.) Greuter 
5639,Ptilostemon,diacantha,subsp.,diacantha ,
5641,Ptilostemon,diacantha,subsp.,turcicus,Greuter 
5643,Ptilostemon,x,,,pabotii Greuter 
5650,Pulicaria,,,,Gaertner  
5653,Pulicaria,arabica,,,(L.) Cass. 
5656,Pulicaria,auranitica,,,Mouterde  
5659,Pulicaria,dysenterica,,,(L.) Bernh. 
5665,Pulicaria,inuloides,,,(Poir.) DC.  
5669,Pulicaria,laniceps,,,Bornm. 
5686,Putoria,,var.,alpina,Pers. 
5688,Putoria,calabrica,,,(L.f.) Pers. 
5720,Reichardia,,,,Roth
5725,Reichardia,glauca,,,Matthews
5727,Reichardia,intermedia,,,(Schultz-Bip.) Coutinho
5730,Reichardia,picroides,,,(L.) Roth
5733,Reichardia,tingitana,,,(L.) Roth
5737,Reichardia,tingitana,var.,orientalis,Asch. et Schw.
5741,Rhagadiolus,,var.,orientalis,Scop.
5743,Rhagadiolus,edulis,,,Gaertn.
5752,Rhagadiolus,stellatus,,,(L.) Gaertn.
5764,Rhaponserratula,x,,,mouterdei (Arènes) Mouterde mss.
5780,Rhododendron,,,,L. 
5782,Rhododendron,ponticum,,,L.
5785,Rhododendron,ponticum,var.,brachycarpum,Boiss. 
5787,Rindera,,var.,brachycarpum,Pali.  
5790,Rindera,schlumbergeri,,,(Boiss.) Giirke  
5794,Rochelia,,,,Reichenb. 
5796,Rochelia,cancellata,,,Boiss. et Bal. 
5800,Rochelia,disperma,,,(L. fil.) C. Koch 
5805,Rochelia,persica,,,Bunge ex Boiss. 
5811,Rosmarinus,,,,L. 
5813,Rosmarinus,officinalis,,,L.  
5816,Rubia,,,,L. 
5818,Rubia,aucheri,,,Boiss. 
5833,Rubia,tenuifolia,,,d'Urv. 
5840,Rubia,tenuifolia,y,r.,elliptica (Boiss.) Ehrendorfer 
5845,Rubia,tenuifolia,var.,stenophylla,(Boiss.) Thiéb. 
5848,Rubia,tinctorum,,,L.    NOUVELLE
5852,Salvia,,,,L.
5856,Salvia,aramiensis,,,Rech. fil.
5861,Salvia,bracteata,,,Banks et Sol.
5865,Salvia,cassia,,,Sam. ex Rech. fil.
5870,Salvia,ceratophylla,,,L.
5878,Salvia,dominica,,,L.
5880,Salvia,drusica,,,Moût.
5882,Salvia,fruticosa,,,Mill.
5891,Salvia,hierosolymitana,,,Boiss.
5895,Salvia,indica,,,L.
5897,Salvia,judaica,,,Boiss.
5899,Salvia,lanigera,,,Poir.
5905,Salvia,microstegia,,,Boiss. et Bal.
5909,Salvia,montbretii,,,Benth.
5911,Salvia,multicaulis,,,Vahl
5914,Salvia,multicaulis,var.,simplicifolia,Boiss.
5918,Salvia,nazalena,,,Hedge et Mouterde
5924,Salvia,palaestina,,,Benth.
5926,Salvia,peyronii,,,Boiss. ex Post
5930,Salvia,pinardii,,,Boiss.
5932,Salvia,pinnata,,,L.
5936,Salvia,rubifolia,,,Boiss.
5938,Salvia,russellii,,,Banks et Sol.
5943,Salvia,russellii,var.,auranitica,Moût.
5946,Salvia,russellii,var.,russelii,
5947,Salvia,samuelssonii,,,Rech. fil.
5950,Salvia,sclarea,,,L.
5952,Salvia,spinosa,,,L.
5954,Salvia,spiraeifolia,,,Boiss. et Hoh.
5958,Salvia,suffruticosa,,,Montb. et Auch.
5962,Salvia,syriaca,,,L.
5964,Salvia,tomentosa,,,Mill.
5974,Salvia,verbenaca,,,L.
5977,Salvia,verbenaca,var.,clandestina,(L.) Halàcsy
5981,Salvia,verbenaca,var.,serotina,Boiss.
5988,Salvia,virgata,,,Jacq.
5990,Salvia,viridis,,,L.
5993,Salvia,viridis,var.,horminum,Briq.
5995,Salvia,viscosa,,,Jacq.
5997,Sambucus,,,,L.
5999,Sambucus,ebulus,,,L.
6001,Sambucus,nigra,,,L.
6003,Samolus,,,,L.
6005,Samolus,valerandi,,,L.
6007,Satureia,,,,L.
6011,Satureia,cuneifolia,,,Ten.
6018,Satureia,pallaryi,,,Thiéb.
6020,Satureia,thymbra,,,L.
6026,Scabiosa,,,,L.
6028,Scabiosa,argentea,,,L.
6030,Scabiosa,aucheri,,,Boiss.
6040,Scabiosa,intermedia,,,(Post) Bornm.
6049,Scabiosa,micrantha,,,Desf.
6060,Scabiosa,olivieri,,,Coulter
6062,Scabiosa,palaestina,,,L.
6065,Scabiosa,palaestina,var.,calocephala,Boiss.
6068,Scabiosa,palaestina,var.,latiloba,Boiss.
6071,Scabiosa,palaestina,var.,microcephala,Boiss.
6074,Scabiosa,palaestina,var.,palaestina,
6082,Scabiosa,prolifera,,,L.
6084,Scabiosa,sicula,,,L.
6088,Scabiosa,webbiana,,,Don
6090,Scariola,,,,F.W. Schmidt
6093,Scariola,orientalis,,,(Boiss.) Sojâk
6096,Scariola,triquetra,,,(Labili.) Sojâk
6099,Scariola,viminea,,,(L.) F.W. Schmidt
6109,Scolymus,,,,L.
6111,Scolymus,hispanicus,,,L.
6113,Scolymus,maculatus,,,L.
6115,Scorzonera,,,,L.
6128,Scorzonera,cana,,,(C.A. Meyer) Hoffm.
6133,Scorzonera,cana,var.,alpina,(Boiss.) Chamberlain
6137,Scorzonera,cana,var.,jacquiniana,(W. Koch) Cham-
6162,Scorzonera,judaica,,,Eig
6166,Scorzonera,kotschyi,,,Boiss.
6174,Scorzonera,libanotica,,,Boiss.
6176,Scorzonera,mackmeliana,,,Boiss.
6178,Scorzonera,mollis,,,M. Bieb.
6183,Scorzonera,nervosa,,,Trev.
6187,Scorzonera,papposa,,,DC.
6189,Scorzonera,parviflora,,,Jacq.
6191,Scorzonera,phaeopappa,,,(Boiss.) Boiss.
6195,Scorzonera,phaeopappa,var.,minor,Boiss.
6201,Scorzonera,rigida,,,Aucher in DC.
6216,Scrophularia,,,,L.
6218,Scrophularia,decipiens,,,Boiss.
6220,Scrophularia,deserti,,,Del.
6222,Scrophularia,heldreichii,,,Boiss.
6224,Scrophularia,hierochuntina,,,Boiss.
6226,Scrophularia,hypericifolia,,,Wydl.
6228,Scrophularia,libanotica,,,Boiss.
6231,Scrophularia,libanotica,subsp.,libanotica,
6233,Scrophularia,libanotica,var.,australis,R. Mill
6237,Scrophularia,libanotica,var.,nevshehirensis,R.'Mill
6239,Scrophularia,lucida,,,L.
6250,Scrophularia,nusairiensis,,,Boiss. et Heldr.
6254,Scrophularia,peregrina,,,L.
6256,Scrophularia,peyronii,,,Post
6262,Scrophularia,rubricaulis,,,Boiss.
6264,Scrophularia,scariosa,,,Boiss.
6266,Scrophularia,scopolii,,,Hoppe
6272,Scrophularia,tagetifolia,,,Boiss. et Hausskn.
6276,Scrophularia,umbrosa,,,Dum.
6283,Scrophularia,xanthoglosa,,,Boiss.
6285,Scrophularia,xylorrhiza,,,Boiss. et Hausskn.
6289,Scutellaria,,,,L.
6291,Scutellaria,brevibracteata,,,Stapf
6293,Scutellaria,cretacea,,,Boiss. et Hausskn.
6297,Scutellaria,diffusa,,,Benth.
6305,Scutellaria,heterophylla,,,Montbr. et Auch.
6316,Scutellaria,orientalis,,,L.
6319,Scutellaria,orientalis,var.,alpina,Boiss.
6321,Scutellaria,sibthorpii,,,auct. non (Benth.) Hal.
6329,Scutellaria,tomentosa,,,Bertol.
6331,Scutellaria,utriculata,,,Labili.
6333,Senecio,,,,L.
6335,Senecio,aquaticus,,,Hill
6338,Senecio,aquaticus,subsp.,erraticus,(Bertol.) Matthews
6343,Senecio,bertrami,,,Post
6345,Senecio,x,,,berythaeus Camus et Gombault
6355,Senecio,delbesianus,,,Arènes
6359,Senecio,doriiformis,,,DC.
6362,Senecio,doriiformis,subsp.,doriiformis,
6365,Senecio,exilis,,,Blanche ex Boiss.
6369,Senecio,gallicus,,,Chaix in Vill.
6375,Senecio,leucanthemifolius,,,Poir.
6377,Senecio,mouterdei,,,Arènes
6379,Senecio,vernalis,,,Waldst. et Kit.
6386,Senecio,vulgaris,,,L.
6388,Seriola,,,,L.
6390,Seriola,aethnensis,,,L.
6392,Serratula,,,,L.
6400,Serratula,cerinthifolia,,,(Sm.) Boiss.
6405,Serratula,mouterdei,,,(Arènes) Dittrich
6408,Serratula,pusilla,,,(Lab.) Dittrich
6411,Sesamum,,,,L.
6413,Sesamum,indicum,,,L.
6415,Sherardia,,,,L.
6417,Sherardia,arvensis,,,L.
6419,Sideritis,,,,L.
6423,Sideritis,balansae,,,Boiss.
6425,Sideritis,curvidens,,,Stapf
6442,Sideritis,libanotica,,,Labili. 
6445,Sideritis,libanotica,var.,incana,Boiss. 
6448,Sideritis,libanotica,var.,linearis,Benth. 
6453,Sideritis,microchlamys,,,(Hand.-Mazz) Bornm.  
6457,Sideritis,montana,,,L.  
6460,Sideritis,nusairiensis,,,Post 
6462,Sideritis,perfoliata,,,L. 
6464,Sideritis,pullulans,,,Vent. 
6466,Sideritis,remota,,,d'Urv. 
6478,Siebera,,var.,curvidens,j. Gay 
6481,Siebera,pungens,,,(Lam.) J. Gay 
6486,Siebera,pungens,var.,nana,DC. 
6488,Silybum,,var.,nana,Adanson 
6490,Silybum,marianum,,,(L.) Gaertner 
6493,Siphonostegia,,,,"Benth. in Hook, et Am.  "
6500,Siphonostegia,syriaca,,,(Boiss. et Reut.) Boiss.     
6507,Solanum,,,,L.  
6510,Solanum,dulcamara,,,L. 
6512,Solanum,luteum,,,Mill.
6515,Solanum,luteum,subsp.,alatum,(Moench) Dostâl  
6520,Solanum,luteum,subsp.,luteum ,
6521,Solanum,nigrum,,,L.  
6525,Solanum,nigrum,var.,ochroleucum,(Bast.) Fiori 
6529,Solanum,nigrum,var.,suffruticosum,(Schousb.) Moris 
6534,Solenanthus,,,,Ledeb. 
6539,Solenanthus,circinnatus,,,Ledeb. 
6545,Solenanthus,stamineus,,,(Desf.) Wettst. 
6552,SolidagoL.,,,, 
6554,SolidagoL.,virgaurea,,,L. 
6556,Sonchus,,,,L. 
6558,Sonchus,asper,,,(L.) Hill
6562,Sonchus,asper,subsp.,glaucescens,(Jordan) Ball 
6575,Sonchus,maritimus,,,L. 
6581,Sonchus,oleraceus,,,L. 
6583,Sonchus,tenerrimus,,,L. 
6597,Stachys,,,,L.
6599,Stachys,annua,,,(L.) L.
6603,Stachys,annua,var.,ammophila,Boiss.
6608,Stachys,arabica,,,Hornem.
6613,Stachys,arvensis,,,(L.) L.
6618,Stachys,burgsdorffioides,,,(Benth.) Boiss.
6621,Stachys,cassia,,,Boiss.
6629,Stachys,eretica,,,L.
6632,Stachys,eretica,subsp.,cassia,(Boiss.) Rech. fil.
6637,Stachys,eretica,subsp.,mersinea,(Boiss.) Rech. fil.
6642,Stachys,eretica,subsp.,vacillans,Rech. fil.
6648,Stachys,dictyoneura,,,Rech. fil.
6651,Stachys,distans,,,Benth. in DC.
6655,Stachys,diversifolia,,,Boiss.
6657,Stachys,ehrenbergii,,,Boiss.
6668,Stachys,hydrophila,,,Boiss.
6670,Stachys,iberica,,,Bieb.
6677,Stachys,libanotica,,,Benth. in DC.
6682,Stachys,libanotica,var.,eriocalyx,Post
6685,Stachys,libanotica,var.,minor,Boiss.
6687,Stachys,longispicata,,,Boiss. et Ky in Boiss.
6695,Stachys,neurocalycina,,,Boiss.
6697,Stachys,nivea,,,Labili.
6699,Stachys,obscura,,,Boiss. et Bal.
6703,Stachys,ocymastrum,,,(L.) Briquet
6706,Stachys,palaestina,,,L.
6708,Stachys,paneiana,,,Mout.
6710,Stachys,petrokosmos,,,Rech. fii.
6713,Stachys,pinetorum,,,Boiss. et Bal.
6719,Stachys,pumila,,,Banks et Sol.
6723,Stachys,rupestris,,,Montb. et Auch.
6727,Stachys,satureioides,,,Montb. et Auch.
6731,Stachys,viticina,,,Boiss.
6733,Staehelina,,,,L.
6737,Staehelina,lobelii,,,DC.
6785,Steptorhamphus,,,,Bunge
6787,Steptorhamphus,tuberosus,,,(Jacq.) Grossh.
6803,Styrax,,,,L.
6805,Styrax,officinalis,,,L.
6807,Symphytum,,,,L.
6809,Symphytum,anatolicum,,,Boiss.
6811,Symphytum,palaestinum,,,Boiss. T
6814,Tagetes,,,,L.
6818,Tagetes,minuta,,,L.
6820,Tanacetum,,,,L. emend. Briq.
6824,Tanacetum,argenteum,,,(Lam.) Willd.
6827,Tanacetum,aucheri,,,DC.
6829,Tanacetum,cilicium,,,(Boiss.) Grierson
6832,Tanacetum,densum,,,(Labili.) Schultz Bip.
6836,Tanacetum,parthenium,,,(L.) Schultz Bip.
6840,Tanacetum,DOteriifolium,,,(Ledeb.1 Grierson
6843,Tanacetum,yabrudae,,,(Mouterde) Charpin et Dittrich 
6854,Taraxacum,,,,Weber  
6857,Taraxacum,aleppicum,,,Dahlst. 
6859,Taraxacum,assemanii,,,Blanche 
6861,Taraxacum,bessarabicum,,,(Hornem.) Hand.-Mazz.
6864,Taraxacum,bithynicum,,,DC.  
6867,Taraxacum,brevirostre,,,Hand.-Mazz. 
6874,Taraxacum,hellenicum,,,Dahlst. 
6879,Taraxacum,laevigatum,,,Willd. agg. 
6886,Taraxacum,megalorrhizon,,,(Forssk.) Hand.-Mazz.
6889,Taraxacum,microcephalum,,,Hand.-Mazz.
6891,Taraxacum,minimum,,,(Briganti ex Guss.) Terrac.
6896,Taraxacum,monochlamydeum,,,Hand.-Mazz.
6898,Taraxacum,montanum,,,(C.A.Meyer) DC.
6901,Taraxacum,officinale,,,Weber
6903,Taraxacum,phaleratum,,,Hagl.
6910,Taraxacum,serotinum,,,(W. et K.) Poir.
6915,Taraxacum,sintenisii,,,Dahlst.
6917,Taraxacum,syriacum,,,Boiss.
6923,Teucrium,,,,L.
6925,Teucrium,antilibanoticum,,,Mouterde
6927,Teucrium,auranticum,,,Post
6929,Teucrium,chamaedrys,,,L.
6932,Teucrium,chamaedrys,subsp.,tauricolum,Rech. fil.
6936,Teucrium,chamaedrys,var.,glaberrimum,Rech. fil.
6944,Teucrium,coniortodes,,,Boiss. et Bl.
6948,Teucrium,creticum,,,L.
6950,Teucrium,divaricatum,,,Sieb. ex Heldr.
6955,Teucrium,divaricatum,subsp.,graecum,(Celak.) Bornm.
6959,Teucrium,divaricatum,subsp.,villosum,(Celak.) Rech. fil.
6968,Teucrium,haradjanii,,,Briq. ex Rech. fil.
6973,Teucrium,heterotrichum,,,Briq. ex Rech. f.
6988,Teucrium,montbretii,,,Benth.
6991,Teucrium,montbretii,subsp.,libanoticum,Davis
6994,Teucrium,montbretii,subsp.,montbretii,
6995,Teucrium,multicaule,,,Montbr. et Auch.
7006,Teucrium,oliverianum,,,Gingins ex Benth.
7010,Teucrium,orientale,,,L.
7013,Teucrium,orientale,var.,nivale,Boiss.
7015,Teucrium,paederotoides,,,Boiss. et Hausskn.
7019,Teucrium,parviflorum,,,Schreb.
7021,Teucrium,polium,,,L.
7024,Teucrium,polium,var.,angustifolium,Benth.
7027,Teucrium,polium,var.,mollissimum,Hand.-Mazz.
7029,Teucrium,procerum,,,Boiss. et Bl.
7033,Teucrium,pruinosum,,,Boiss.
7035,Teucrium,rigidum,,,Benth.
7039,Teucrium,scordioides,,,Schreb.
7041,Teucrium,scordium,,,L.
7043,Teucrium,socinianum,,,Boiss.
7045,Teucrium,spinosum,,,L. NOUVELLE
7048,Teucrium,stachyophyllum,,,Davis
7057,Thuspeinanta,,,,Durand
7059,Thuspeinanta,persica,,,(Boiss.) Briq.
7062,Thymbra,,,,L.
7066,Thymbra,spicata,,,L.
7070,Thymus,,,,L. 
7072,Thymus,alfredae,,,Post  
7080,Thymus,cilicicus,,,Boiss. et Bl.  
7085,Thymus,decussatus,,,Benth. 
7090,Thymus,hirsutus,,,M. Bieb. 
7093,Thymus,kotschyanus,,,Boiss. et Hoh.  
7120,Thymus,sipyleus,,,Boiss. 
7126,Thymus,syriacus,,,Boiss. 
7128,Tolpis,,,,Adans.
7132,Tolpis,barbata,,,(L.) Gaertner
7137,Tolpis,virgata,,,(Desf.) Bertol.
7145,Tracheliopsis,,,,Buser
7147,Tracheliopsis,antilibanotica,,,P.H. Davis
7150,Tracheliopsis,postii,,,(Boiss.) Buser
7153,Tracheliopsis,tubulosa,,,(Boiss.) Buser
7156,Trachelium,,,,L.
7158,Trachelium,caeruleum,,,L.
7164,Trachornitum,,,,Woodson
7166,Trachornitum,venetum,,,(L.) Woodson
7169,Tragopogon,,,,L.
7174,Tragopogon,buphthalmoides,,,(DC.) Boiss.
7178,Tragopogon,buphthalmoides,var.,buphthalmoides,
7183,Tragopogon,buphthalmoides,var.,latifolius,Boiss.
7188,Tragopogon,hybridùm,,,L.
7190,Tragopogon,longirostris,,,Bisch. ex Schultz Bip.
7203,Tragopogon,pterocarpus,,,DC.  
7206,Tripleurospermum,,,,Schultz Bip. 
7209,Tripleurospermum,auriculatum,,,(Boiss.) Rech.  fil. 
7218,Tripleurospermum,microcephalum,,,(Boiss.) Bornm. 
7221,Tripleurospermum,oreades,,,(Boiss.) Rech.  fil. 
7225,Tripleurospermum,parviflorum,,,(Willd.) Bornm. 
7231,Tripleurospermum,sannineum,,,(Thiéb.) Mouterde 
7241,Tussilago,,,,L.
7243,Tussilago,farfara,,,L.
7245,Tyrimnus,,,,Cass.
7247,Tyrimnus,leucographus,,,(L.) Cass. U
7251,Urospermum,,,,Scop.
7253,Urospermum,picroides,,,(L.) F.W. Schmidt
7257,Utricularia,,,,L.
7259,Utricularia,australis,,,R. Br.
7268,Vaillantia,,,,auct. mult. non L.
7273,Valantia,,,,L.
7277,Valantia,hispida,,,L.
7279,Valantia,muralis,,,L.
7283,Valeriana,,,,L.
7287,Valeriana,dioscoridis,,,Sibth. et Sm.
7318,Valeriana,olitoria,,,(L.) Willd.
7325,Valerianella,,,,Miller
7327,Valerianella,antilibanotica,,,Rech. fil.
7332,Valerianella,balansae,,,Matthews
7340,Valerianella,carinata,,,Lois. 
7342,Valerianella,chlorostephana,,,Boiss. et Bal. 
7346,Valerianella,coronata,,,(L.) DC.  
7353,Valerianella,cymbicarpa,,,G.A. Meyer 
7356,Valerianella,dactylophylla,,,Boiss. et Hohen. 
7360,Valerianella,dentata,,,(L.) Poil.  
7369,Valerianella,discoidea,,,(L.) Lois. 
7372,Valerianella,dufresnia,,,Bunge ex Boiss. 
7376,Valerianella,echinata,,,(L.) DC.  
7380,Valerianella,huetii,,,Boiss. 
7382,Valerianella,kotschyi,,,Boiss. 
7384,Valerianella,lasiocarpa,,,(Stev.) Betcke 
7391,Valerianella,leiocarpa,,,(Koch) Bornm. 
7394,Valerianella,locusta,,,(L.) Laterrade 
7401,Valerianella,muricata,,,(Stev.) Baxt. 
7404,Valerianella,obtusiloba,,,Boiss.  
7411,Valerianella,orientalis,,,(Schlecht.) Boiss. et Bal. 
7416,Valerianella,oxyrhyncha,,,Fisch. et Mey. 
7420,Valerianella,pumila,,,(L.) DC.  
7424,Valerianella,soyeri,,,Buchinger 
7426,Valerianella,szovitsiana,,,Fisch. et Mey. 
7436,Valerianella,tuberculata,,,Boiss.  
7439,Valerianella,vesicaria,,,(L.) Moench 
7442,Varthemia,,,,DC.  
7445,Varthemia,iphionoides,,,Boiss. et Bl.  
7450,Verbascum,,,,L. 
7452,Verbascum,agMmoniifolium,,,(C. Koch) Hub.-Mor.
7457,Verbascum,agMmoniifolium,subsp.,agrimoniifolium ,
7459,Verbascum,agMmoniifolium,subsp.,syriacum,(Murb.) Feinbr. 
7464,Verbascum,alepense,,,Benth. in DC.  
7470,Verbascum,alepense,x,assurense,Bornm. et Hand.-Mazz. 
7474,Verbascum,aliciae,,,Post  
7478,Verbascum,aliciae,x,kotschyi,Boiss. et Hoh. 
7489,Verbascum,Turra ,,,
7490,Verbascum,antari,,,Post  
7493,Verbascum,antilibanoticum,,,Hub.-Mor. 
7495,Verbascum,antiochium,,,Boiss. 
7501,Verbascum,assurense,,,Bornm. et Hand.-Mazz. 
7522,Verbascum,berytheum,,,Boiss. 
7527,Verbascum,blancheanum,,,Boiss. 
7534,Verbascum,caesareum,,,Boiss.
7538,Verbascum,cedreti,,,Boiss.
7541,Verbascum,cedreti,x,lasianthum,Boiss.
7549,Verbascum,damascenum,,,Boiss.
7553,Verbascum,eremobium,,,Murb.
7557,Verbascum,gaillardotii,,,Boiss.
7560,Verbascum,gaillardotii,x,sinuatum,L.
7563,Verbascum,gaillardotii,x,tripolitanum,Boiss.
7565,Verbascum,galilaeum,,,Boiss.
7568,Verbascum,galilaeum,x,sinuatum,L.
7570,Verbascum,geminiflorum,,,Hochst.
7574,Verbascum,glanduliferum,,,(Post) Hub.-Mor.
7582,Verbascum,glomeratum,,,Boiss.
7590,Verbascum,"Moretti,",,,"nec Griseb., nec Velen."
7595,Verbascum,infidelium,,,Boiss. et Hausskn.
7605,Verbascum,kotschyi,,,Boiss. et Hoh.
7614,Verbascum,lasianthum,,,Boiss.
7616,Verbascum,leptostachyum,,,DC.
7619,Verbascum,leptostachyum,x,ptychophyllum,Boiss.
7622,Verbascum,leptostachyum,x,tropidocarpum,Murb.
7624,Verbascum,levanticum,,,I.K.Ferguson
7626,Verbascum,libanoticum,,,Murb. et Thiéb.
7630,Verbascum,mucronatum,,,Lam.
7634,Verbascum,oreophilum,,,C. Koch
7638,Verbascum,oreophilum,var.,joannis,(Bordz.) Hub.-Mor.
7641,Verbascum,orientale,,,(L.) Ail.
7644,Verbascum,palmyrense,,,Post
7646,Verbascum,pinetorum,,,(Boiss.) O. Kuntze
7650,Verbascum,ported,,,Post
7652,Verbascum,ptychophyllum,,,Boiss.
7654,Verbascum,qulebicum,,,Post emend. Mouterde
7670,Verbascum,scaposum,,,Boiss.
7674,Verbascum,sinaiticum,,,Benth.
7676,Verbascum,sinuatum,,,L.
7683,Verbascum,sinuatum,x,tripolitanum,Boiss.
7693,Verbascum,tiberiadis,,,Boiss.
7698,Verbascum,tripolitanum,,,Boiss.
7700,Verbascum,tropidocarpum,,,Murb.
7711,Verbena,,,,L.
7715,Verbena,officinalis,,,L.
7717,Verbena,supina,,,L.
7723,Veronica,,,,L.
7727,Veronica,anagallis-aquatica,,,L.
7730,Veronica,anagallis-aquatica,subsp.,anagallis-aquatica ,
7732,Veronica,anagallis-aquatica,subsp.,michauxii,(Lam.) Jelen.  
7736,Veronica,anagalloides,,,Guss. 
7739,Veronica,anagalloides,x,anagallis-aquatica,L. 
7741,Veronica,arvensis,,,L. 
7745,Veronica,beccabunga,,,L. 
7753,Veronica,biloba,,,Schreb. in L. 
7757,Veronica,bombycina,,,Boiss. et Kotschy subsp. bombycina 
7765,Veronica,caespitosa,,,Boiss.
7768,Veronica,caespitosa,subsp.,leiophylla,(Boiss.) M.A. Fischer
7780,Veronica,campylopoda,,,Boiss. 
7787,Veronica,cymbalaria,,,Bodard 
7800,Veronica,debilis,,,Freyn 
7825,Veronica,Fischer ,,,
7828,Veronica,hederifolia,,,L. 
7838,Veronica,hispidula,,,Boiss. et Huet in Boiss. 
7844,Veronica,leiocarpa,,,Boiss. 
7846,Veronica,lysimachioides,,,Boiss. 
7853,Veronica,non,,,Vahl 
7855,Veronica,macrostachya,,,Vahl
7858,Veronica,macrostachya,subsp.,macrostachya ,
7860,Veronica,macrostachya,x,orientalis,Miller 
7873,Veronica,orientalis,,,Miller 
7876,Veronica,orientalis,x,leiocarpa,Boiss. 
7886,Veronica,panormitana,,,Tineo et Guss. 
7891,Veronica,panormitana,subsp.,baradostensis,(M.A.Fischer) M. A. Fischer 
7897,Veronica,panormitana,subsp.,panormitana, 
7910,Veronica,persica,,,Poir. 
7912,Veronica,polifolia,,,Benth.  
7915,Veronica,poliţa,,,Fries 
7917,Veronica,pusilla,,,Kotschy et Boiss. 
7921,Veronica,reuterana,,,Boiss. 
7923,Veronica,samuelssonii,,,Rech.  fil. 
7926,Veronica,scardica,,,Griseb. 
7929,Veronica,scardica,x,lysimachioides,Boiss. 
7937,Veronica,syriaca,,,Roem. et Sch. 
7954,Veronica,triloba,,,(Opiz) A. Kerner 
7958,Veronica,triphyllos,,,L. 
7960,Veronica,viscosa,,,Boiss. 
7962,Viburnum,,,,L. 
7964,Viburnum,tinus,,,L. 
7973,Vinca,,,,L. 
7975,Vinca,herbacea,,,Waldst. et Kit. 
7983,Vinca,libanotica,,,Zucc. 
7985,Vinca,major ,,,
7986,Vincetoxicum,,,,N.M.Wolf 
7988,Vincetoxicum,canescens,,,(Willd.) Deche.  
7992,Vincetoxicum,dionysiense,,,Mouterde 
7999,Vitex,,,,L. 
8001,Vitex,agnus-castus,,,L.  W
8009,Wiedemannia,,,,Fisch. et Mey. 
8013,Wiedemannia,orientalis,,,Fisch. et Mey. 
8017,Withania,,,,Pauquy 
8019,Withania,somnifera,,,(L.) Dun. in DC.  NOUVELLE
8025,Xanthium,,,,L. 
8027,Xanthium,antiquorum,,,Wallr.  
8032,Xanthium,echinatum,,,Murray 
8034,Xanthium,spinosum,,,L. 
8036,Xanthium,strumarium,,,L. 
8046,Xanthium,strumarium,subsp.,strumarium, 
8048,Xeranthemum,,subsp.,strumarium,L. 
8050,Xeranthemum,annuum,,,L. 
8058,Xeranthemum,cylindraceum,,,Sm. in Sibth. et Sm. 
8067,Xeranthemum,inapertum,,,(L.) Miller 
8070,Xeranthemum,longipapposum,,,Fisch. et Mey. 
8083,Ziziphora,,,,L. 
8085,Ziziphora,'Abd-el-'asissi,,,Hand.-Mazz. 
8087,Ziziphora,acutifolia,,,Montb. et Auch. 
8091,Ziziphora,canescens,,,Benth. 
8093,Ziziphora,capitata,,,L. 
8096,Ziziphora,capitata,subsp.,orientalis,Sam. ex Rech. fil.
8110,Ziziphora,taurica,,,Bieb.  
8113,Ziziphora,tenuior,,,L. 
8115,Zoegea,,,,L.  
8118,Zoegea,leptaurea,,,L. 
8120,Zoegea,purpurea,,,Fresen. 
